{
    "App Settings": [],
    "App Lists": [],
    "Search Engines": [],
    "Apps": [],
    "Preferences": [
        {
            "name": "translate_accepted_count",
            "value": "{\"en\":0}"
},
        {
            "name": "translate_auto_always_count",
            "value": "{\"en\":1}"
},
        {
            "name": "translate_recent_target",
            "value": "\"ar\""
},
        {
            "name": "translate_denied_count_for_language",
            "value": "{\"en\":0}"
},
        {
            "name": "translate_allowlists",
            "value": "{\"en\":\"ar\"}"
},
        {
            "name": "translate_site_blocklist_with_time",
            "value": "{}"
}
    ],
    "Themes": [],
    "Priority Preferences": [
        {"preference": {
            "name": "sync.demographics",
            "value": "{\"gender\":1,\"birth_year\":1985}"
}}
    ],
    "Web Apps": []
}