{
    "Device Info": [
        {
            "cache_guid": "m2ctDxGL9mQ6QsGYkkXi5w==",
            "google_play_services_version_info": {"apk_version_name": "253931013"},
            "device_form_factor": "DEVICE_FORM_FACTOR_PHONE",
            "pulse_interval_in_minutes": 10080,
            "invalidation_fields": {
                        "instance_id_token": "eHepA4KO9MY:APA91bF--sG1s1XBdAxzitoaCNnJMLlcN04pMHRl1ka3gq0oJS25-ftgjt0-9uQVdSRyZnq6pa0cMyhGsMWnlGG44gPVmCbCt6EP19qTK14McoWstnpH0Bw",
                        "interested_data_type_ids": [
                                    163425,
                                    45873,
                                    895275,
                                    1141935,
                                    47745
                        ]
            },
            "os_type": "OS_TYPE_ANDROID",
            "last_updated_timestamp": 1759627831445,
            "device_type": "TYPE_PHONE",
            "model": "TECNO LD7",
            "client_name": "TECNO LD7",
            "manufacturer": "TECNO MOBILE LIMITED"
},
        {
            "cache_guid": "e9dFn32sLnPSF7t8HstrCw==",
            "google_play_services_version_info": {"apk_version_name": "254131013"},
            "device_form_factor": "DEVICE_FORM_FACTOR_PHONE",
            "pulse_interval_in_minutes": 10080,
            "invalidation_fields": {
                        "instance_id_token": "fnLQDrJhgf4:APA91bGzplyQpUBjLQa8qoIQuRFx38FE7jAiKIN-sphezZb73xNLyNfsDI4nEwaq2u5VNscyzvogzN-qq2hTaFi-n9Ozg5TksSJLwl0HnyK6E7Y4_2OYPZ0",
                        "interested_data_type_ids": [
                                    163425,
                                    45873,
                                    895275,
                                    1141935,
                                    47745
                        ]
            },
            "os_type": "OS_TYPE_ANDROID",
            "last_updated_timestamp": 1760879010885,
            "device_type": "TYPE_PHONE",
            "model": "TECNO LD7",
            "client_name": "TECNO LD7",
            "manufacturer": "TECNO MOBILE LIMITED"
},
        {
            "cache_guid": "7XJFn1Ax7/sH6EtkP2vlOA==",
            "google_play_services_version_info": {"apk_version_name": "254131013"},
            "device_form_factor": "DEVICE_FORM_FACTOR_PHONE",
            "pulse_interval_in_minutes": 10080,
            "invalidation_fields": {
                        "instance_id_token": "fnLQDrJhgf4:APA91bGzplyQpUBjLQa8qoIQuRFx38FE7jAiKIN-sphezZb73xNLyNfsDI4nEwaq2u5VNscyzvogzN-qq2hTaFi-n9Ozg5TksSJLwl0HnyK6E7Y4_2OYPZ0",
                        "interested_data_type_ids": [
                                    163425,
                                    895275,
                                    47745
                        ]
            },
            "os_type": "OS_TYPE_ANDROID",
            "last_updated_timestamp": 1760876652778,
            "device_type": "TYPE_PHONE",
            "model": "TECNO LD7",
            "client_name": "TECNO LD7",
            "manufacturer": "TECNO MOBILE LIMITED"
},
        {
            "cache_guid": "00ryPgxgf3bID76Jyq3dEw==",
            "google_play_services_version_info": {"apk_version_name": "253862009"},
            "device_form_factor": "DEVICE_FORM_FACTOR_PHONE",
            "pulse_interval_in_minutes": 10080,
            "invalidation_fields": {
                        "instance_id_token": "dpiBYbYxfKs:APA91bGrsgOOO8V_Tpe11YPaKkA8VHntyoKChgIq0dOqmBaHFlsInB4WY-YStwneNb7aHi6pmIDu_nxoiUGzrydNlr5h5Ib-Upzqgt2S6pN5uC3NBsuMcs0",
                        "interested_data_type_ids": [
                                    163425,
                                    895275,
                                    47745
                        ]
            },
            "os_type": "OS_TYPE_ANDROID",
            "last_updated_timestamp": 1759519030248,
            "device_type": "TYPE_PHONE",
            "model": "SM-G611F",
            "client_name": "SM-G611F",
            "manufacturer": "samsung"
},
        {
            "cache_guid": "sL9HPCaug6xJMuyAc2dBLA==",
            "google_play_services_version_info": {"apk_version_name": "253830013"},
            "device_form_factor": "DEVICE_FORM_FACTOR_PHONE",
            "pulse_interval_in_minutes": 10080,
            "invalidation_fields": {
                        "instance_id_token": "c_LZAtu7tLA:APA91bHxAyouD3FrmxkFhokqwsGBxSNhiBM8limNSq5reZjFvkRZnDRSRI8lOF_oGXiyVEXpxCe9rPfmif_i4AuvETL50-wKNXY7lOfiusXn_xcGUUvJl8A",
                        "interested_data_type_ids": [
                                    163425,
                                    895275,
                                    47745
                        ]
            },
            "os_type": "OS_TYPE_ANDROID",
            "last_updated_timestamp": 1758954353609,
            "device_type": "TYPE_PHONE",
            "model": "LYA-L29",
            "client_name": "LYA-L29",
            "manufacturer": "HUAWEI"
},
        {
            "cache_guid": "33XoYuI+UiUieaBBGS63Kg==",
            "google_play_services_version_info": {"apk_version_name": "254331013"},
            "device_form_factor": "DEVICE_FORM_FACTOR_PHONE",
            "pulse_interval_in_minutes": 10080,
            "invalidation_fields": {
                        "instance_id_token": "c27PFApUhqQ:APA91bF1qFp9II9WFS9wRVfMedrSkDNQapTrCg5LfvQVwiJ6CIW2_KguZPZt7AZf8Wty2IA7bxf1VNxLN-_ntJVoWim9yMT2MSe1IWdjs-yVIIUr2SSSbxU",
                        "interested_data_type_ids": [
                                    163425,
                                    895275,
                                    47745
                        ]
            },
            "os_type": "OS_TYPE_ANDROID",
            "last_updated_timestamp": 1761657121607,
            "device_type": "TYPE_PHONE",
            "model": "LYA-L29",
            "client_name": "LYA-L29",
            "manufacturer": "HUAWEI"
},
        {
            "cache_guid": "iAxkZKzoMt+Jkcdh1GyGPw==",
            "google_play_services_version_info": {"apk_version_name": "253830013"},
            "device_form_factor": "DEVICE_FORM_FACTOR_PHONE",
            "pulse_interval_in_minutes": 10080,
            "invalidation_fields": {
                        "instance_id_token": "c_LZAtu7tLA:APA91bHxAyouD3FrmxkFhokqwsGBxSNhiBM8limNSq5reZjFvkRZnDRSRI8lOF_oGXiyVEXpxCe9rPfmif_i4AuvETL50-wKNXY7lOfiusXn_xcGUUvJl8A",
                        "interested_data_type_ids": [
                                    163425,
                                    45873,
                                    895275,
                                    1141935,
                                    47745
                        ]
            },
            "os_type": "OS_TYPE_ANDROID",
            "last_updated_timestamp": 1758968477654,
            "device_type": "TYPE_PHONE",
            "model": "LYA-L29",
            "client_name": "LYA-L29",
            "manufacturer": "HUAWEI"
},
        {
            "sync_user_agent": "Chrome ANDROID-PHONE 141.0.7390.70 (224ea1441d0276aa1d03f5a8f25c89e5c06df4ff-refs/branch-heads/7390@{#2177}) channel(stable)",
            "device_type": "TYPE_PHONE",
            "chrome_version_info": {"version_number": "141.0.7390.70"},
            "signin_scoped_device_id": "4066075f-3e2a-45f5-b86b-d53de3e18733",
            "manufacturer": "TECNO MOBILE LIMITED",
            "cache_guid": "ORSNkwP4/FXPh5nFNY98bw==",
            "device_form_factor": "DEVICE_FORM_FACTOR_PHONE",
            "pulse_interval_in_minutes": 1440,
            "feature_fields": {
                        "send_tab_to_self_receiving_type": "SEND_TAB_RECEIVING_TYPE_CHROME_OR_UNSPECIFIED",
                        "send_tab_to_self_receiving_enabled": true
            },
            "invalidation_fields": {
                        "instance_id_token": "f_QDRa53UPY:APA91bF-eOjLkT-ntHF6bTByK4aqOYZCWGAzQJkigJ6EKshV2t6EApVAAndwUuk3Gdfj6JCI28fHkO6LOVHjMnHDoM0YxZhXcswgk4aAIUWAL2v50anpbw0",
                        "interested_data_type_ids": [
                                    32904,
                                    37702,
                                    1164238,
                                    306270,
                                    330441,
                                    774329,
                                    1033580,
                                    154522,
                                    163425,
                                    411028,
                                    601980,
                                    1034378,
                                    1419865,
                                    47745
                        ]
            },
            "os_type": "OS_TYPE_ANDROID",
            "last_updated_timestamp": 1760294885047,
            "model": "TECNO LD7",
            "client_name": "TECNO LD7",
            "chrome_version": "141.0.7390.70"
},
        {
            "cache_guid": "RT++1WQdWFc1J28R7zoq7Q==",
            "google_play_services_version_info": {"apk_version_name": "254333013"},
            "device_form_factor": "DEVICE_FORM_FACTOR_PHONE",
            "pulse_interval_in_minutes": 10080,
            "invalidation_fields": {
                        "instance_id_token": "fvGvt4vNwk8:APA91bGXX6v8VsPpv1GiehOcYPjqAypj6wrgN0_6D1Ic9P826pcjQ72kQWNx7AezID3JYXZaK9d7nfQkOVO3CrWDJ2U3RPjxW82JVj2YKtQMEQlGsq6oxNA",
                        "interested_data_type_ids": [
                                    163425,
                                    45873,
                                    895275,
                                    1141935,
                                    47745
                        ]
            },
            "os_type": "OS_TYPE_ANDROID",
            "last_updated_timestamp": 1761941998060,
            "device_type": "TYPE_PHONE",
            "model": "TECNO LD7",
            "client_name": "TECNO LD7",
            "manufacturer": "TECNO MOBILE LIMITED"
},
        {
            "cache_guid": "nqAxdafpEgvW6baIoMkP5g==",
            "google_play_services_version_info": {"apk_version_name": "254331013"},
            "device_form_factor": "DEVICE_FORM_FACTOR_PHONE",
            "pulse_interval_in_minutes": 10080,
            "invalidation_fields": {
                        "instance_id_token": "c27PFApUhqQ:APA91bF1qFp9II9WFS9wRVfMedrSkDNQapTrCg5LfvQVwiJ6CIW2_KguZPZt7AZf8Wty2IA7bxf1VNxLN-_ntJVoWim9yMT2MSe1IWdjs-yVIIUr2SSSbxU",
                        "interested_data_type_ids": [
                                    163425,
                                    45873,
                                    895275,
                                    1141935,
                                    47745
                        ]
            },
            "os_type": "OS_TYPE_ANDROID",
            "last_updated_timestamp": 1761682913381,
            "device_type": "TYPE_PHONE",
            "model": "LYA-L29",
            "client_name": "LYA-L29",
            "manufacturer": "HUAWEI"
},
        {
            "sync_user_agent": "Chrome ANDROID-PHONE 141.0.7390.123 (fcf346308f838bc89a3e3270e07f2fca679303ad-refs/branch-heads/7390@{#2668}) channel(stable)",
            "device_type": "TYPE_PHONE",
            "chrome_version_info": {"version_number": "141.0.7390.123"},
            "signin_scoped_device_id": "d4df8585-01a5-45bb-a666-ebcf7a178d6d",
            "manufacturer": "TECNO MOBILE LIMITED",
            "cache_guid": "PZ8p2She2qi4pBABELAZCQ==",
            "device_form_factor": "DEVICE_FORM_FACTOR_PHONE",
            "pulse_interval_in_minutes": 1440,
            "feature_fields": {
                        "send_tab_to_self_receiving_type": "SEND_TAB_RECEIVING_TYPE_CHROME_OR_UNSPECIFIED",
                        "send_tab_to_self_receiving_enabled": true
            },
            "invalidation_fields": {
                        "instance_id_token": "cDPeqNWoYYY:APA91bFcLxInF-Q1SHaeBfFO8NUhULK2uZDalUwH8hXo-Vfl0ONdIqqsTwaSTq7Tcull9qfbyWBxz_WyHbGXlKBcImKwPuEUMIqvjzZ6XqiIODIzQgDSeB8",
                        "interested_data_type_ids": [
                                    32904,
                                    37702,
                                    1164238,
                                    306270,
                                    330441,
                                    774329,
                                    1033580,
                                    150251,
                                    154522,
                                    163425,
                                    411028,
                                    601980,
                                    1034378,
                                    1004874,
                                    1239418,
                                    1259076,
                                    1419865,
                                    1429255,
                                    47745
                        ]
            },
            "os_type": "OS_TYPE_ANDROID",
            "last_updated_timestamp": 1762019311140,
            "model": "TECNO LD7",
            "client_name": "TECNO LD7",
            "chrome_version": "141.0.7390.123"
}
    ]
}